Method,ATE_Estimate,Standard_Error,R_Squared,Variables_Used,CI_Lower,CI_Upper
Simple (Y ~ D),2.0254364866839984,0.07605674350515479,0.41541318690594853,None,1.876187004103403,2.1746859692645937
Controlled (Y ~ D + All X),2.01159638245434,0.06468948888319184,0.5808509220110303,"X1, X2, X3, X4",1.8846527417622179,2.1385400231464624
"LASSO-Selected (Y ~ D + X1, X2, X3, X4)",2.01159638245434,0.06468948888319184,0.5808509220110303,"X1, X2, X3, X4",1.8846527417622179,2.1385400231464624
