D,X1_mean,X2_mean,X3_mean,X4_mean
false,-0.06385434079589061,1.9919133676381975,0.36907216494845363,0.006256739705992085
true,-0.03700652951941335,2.044357836918459,0.3553398058252427,0.018983034398204274
