Method,ATE_Estimate,Standard_Error,R_Squared,Variables_Used,CI_Lower,CI_Upper
Simple (Y ~ D),2.02469308523822,0.07350437133105249,0.43190175606381365,None,1.880452234486729,2.168933935989711
Controlled (Y ~ D + All X),2.0455935718466276,0.062300109870515034,0.5958897923497259,"X1, X2, X3, X4",1.923338737266581,2.1678484064266743
"LASSO-Selected (Y ~ D + X1, X2, X3, X4)",2.0455935718466276,0.062300109870515034,0.5958897923497259,"X1, X2, X3, X4",1.923338737266581,2.1678484064266743
